{
    "classification": "Murmur",
    "file": "C:\\Users\\aanan\\AppData\\Local\\Temp\\tmpamm3j947.wav",
    "fs": 2000,
    "duration_s": 6.638,
    "beats_detected": 12,
    "bpm": 110.10092584869463,
    "hrv": {
        "mean_IBI_ms": 544.9545454545455,
        "median_IBI_ms": 505.49999999999994,
        "bpm_mean": 110.10092584869463,
        "SDNN_ms": 92.99958455430179,
        "RMSSD_ms": 102.81658426538007,
        "pNN50_pct": 70.0,
        "CV": 0.1706556727162098,
        "SD1_ms": 76.5978314169388,
        "SD2_ms": 106.91406678621703
    },
    "SNR_dB": 6.9117991448958325,
    "energy": {
        "pct_energy_below_200Hz": 63.170852264526566,
        "spectral_centroid_hz": 174.35157885001993
    },
    "S1S2": {
        "S1_mean": 0.5373510986821953,
        "S2_mean": 0.5178209970456745,
        "S1_to_S2_ratio": 1.0377159322390284
    },
    "extra_peaks": {
        "cycles_checked": 11,
        "cycles_with_extra_peaks": 0
    },
    "irregular_spacing": {
        "intervals_mean_s": 0.5449545454545455,
        "intervals_std_s": 0.0929995845543018,
        "intervals_cv": 0.17065567271620982,
        "n_outliers": 1
    },
    "150_500Hz_band": {
        "band_hz": [
            150,
            500
        ],
        "band_energy_pct": 49.02864112904536
    }
}